"Authors","Author full names","Author(s) ID","Title","Year","Source title","Volume","Issue","Art. No.","Page start","Page end","Cited by","DOI","Link","Abstract","Language of Original Document","Document Type","Publication Stage","Open Access","Source","EID"
"Ullah N.; Umar M.; Kim J.-Y.; Kim J.-M.","Ullah, Niamat (58163581600); Umar, Muhammad (59425352700); Kim, Jae-Young (56425995400); Kim, Jong-Myon (55850196800)","58163581600; 59425352700; 56425995400; 55850196800","Enhanced Fault Diagnosis in Milling Machines Using CWT Image Augmentation and Ant Colony Optimized AlexNet","2024","Sensors","24","23","7466","","","13","10.3390/s24237466","https://www.scopus.com/pages/publications/85211775253?origin=resultslist","A method is proposed for fault classification in milling machines using advanced image processing and machine learning. First, raw data are obtained from real-world industries, representing various fault types (tool, bearing, and gear faults) and normal conditions. These data are converted into two-dimensional continuous wavelet transform (CWT) images for superior time-frequency localization. The images are then augmented to increase dataset diversity using techniques such as rotating, scaling, and flipping. A contrast enhancement filter is applied to highlight key features, thereby improving the model’s learning and fault detection capability. The enhanced images are fed into a modified AlexNet model with three residual blocks to efficiently extract both spatial and temporal features from the CWT images. The modified AlexNet architecture is particularly well-suited to identifying complex patterns associated with different fault types. The deep features are optimized using ant colony optimization to reduce dimensionality while preserving relevant information, ensuring effective feature representation. These optimized features are then classified using a support vector machine, effectively distinguishing between fault types and normal conditions with high accuracy. The proposed method provides significant improvements in fault classification while outperforming state-of-the-art methods. It is thus a promising solution for industrial fault diagnosis and has potential for broader applications in predictive maintenance. © 2024 by the authors.","English","Article","Final","All Open Access; Gold Open Access; Green Open Access","Scopus","2-s2.0-85211775253"
"Ochoa-Barragán R.; Saavedra-Sánchez L.D.; Nápoles-Rivera F.; Ramírez-Márquez C.; Lira-Barragán L.F.; Ponce-Ortega J.M.","Ochoa-Barragán, Rogelio (57219903423); Saavedra-Sánchez, Luis David (60576518200); Nápoles-Rivera, Fabricio (56013678900); Ramírez-Márquez, César (55965010800); Lira-Barragán, Luis Fernando (36775068700); Ponce-Ortega, José María (6506180301)","57219903423; 60576518200; 56013678900; 55965010800; 36775068700; 6506180301","Artificial Intelligence Enabling Intelligent Solar Energy Systems: Integration and Emerging Directions","2026","Processes","14","7","1167","","","0","10.3390/pr14071167","https://www.scopus.com/pages/publications/105035616310?origin=resultslist","The integration of artificial intelligence (AI) into solar energy systems has emerged as a transformative pathway to enhance efficiency, reliability, and sustainability in renewable energy. This review examines recent advances in AI-driven optimization and integration strategies across photovoltaic and solar thermal technologies with elements of bibliometric analysis to identify trends, methodologies, and research directions. A particular emphasis is placed on machine learning and deep learning techniques applied to solar irradiance forecasting, maximum power point tracking, fault detection, energy management, and predictive maintenance. Unlike earlier reviews that focused on isolated applications, this work highlights the systemic role of AI in enabling smart grids, hybrid systems, and large-scale energy storage integration. The novelty of this contribution lies in mapping the evolution from traditional control methods to intelligent, self-adaptive frameworks that couple physical modeling with data-driven approaches, offering a structured roadmap for future developments. Furthermore, the review identifies challenges such as data scarcity, computational demand, and interpretability of AI models, while outlining opportunities for process intensification, resilience, and techno-economic optimization. By bridging technical progress with implementation prospects, this article provides an updated reference for researchers, policymakers, and industry stakeholders seeking to accelerate the deployment of AI-enhanced solar energy solutions. © 2026 by the authors.","English","Review","Final","All Open Access; Gold Open Access","Scopus","2-s2.0-105035616310"
"Okwuosa C.N.; Akpudo U.E.; Hur J.-W.","Okwuosa, Chibuzo Nwabufo (57759786400); Akpudo, Ugochukwu Ejike (57215877066); Hur, Jang-Wook (36639979300)","57759786400; 57215877066; 36639979300","A Cost-Efficient MCSA-Based Fault Diagnostic Framework for SCIM at Low-Load Conditions","2022","Algorithms","15","6","212","","","17","10.3390/a15060212","https://www.scopus.com/pages/publications/85132558584?origin=resultslist","In industry, electric motors such as the squirrel cage induction motor (SCIM) generate motive power and are particularly popular due to their low acquisition cost, strength, and robustness. Along with these benefits, they have minimal maintenance costs and can run for extended periods before requiring repair and/or maintenance. Early fault detection in SCIMs, especially at low-load conditions, further helps minimize maintenance costs and mitigate abrupt equipment failure when loading is increased. Recent research on these devices is focused on fault/failure diagnostics with the aim of reducing downtime, minimizing costs, and increasing utility and productivity. Data-driven predictive maintenance offers a reliable avenue for intelligent monitoring whereby signals generated by the equipment are harnessed for fault detection and isolation (FDI). Particularly, motor current signature analysis (MCSA) provides a reliable avenue for extracting and/or exploiting discriminant information from signals for FDI and/or fault diagnosis. This study presents a fault diagnostic framework that exploits underlying spectral characteristics following MCSA and intelligent classification for fault diagnosis based on extracted spectral features. Results show that the extracted features reflect induction motor fault conditions with significant diagnostic performance (minimal false alarm rate) from intelligent models, out of which the random forest (RF) classifier was the most accurate, with an accuracy of 79.25%. Further assessment of the models showed that RF had the highest computational cost of 3.66 s, while NBC had the lowest at 0.003 s. Other significant empirical assessments were conducted, and the results support the validity of the proposed FDI technique. © 2022 by the authors. Licensee MDPI, Basel, Switzerland.","English","Article","Final","All Open Access; Gold Open Access; Green Open Access","Scopus","2-s2.0-85132558584"
"Kudelina K.; Raja H.A.","Kudelina, Karolina (57216742583); Raja, Hadi Ashraf (57218933124)","57216742583; 57218933124","Neuro-Fuzzy Framework for Fault Prediction in Electrical Machines via Vibration Analysis","2024","Energies ","17","12","2818","","","8","10.3390/en17122818","https://www.scopus.com/pages/publications/85197113386?origin=resultslist","The advent of Industry 4.0 has ushered in a new era of technological advancements, particularly in integrating information technology with physical devices. This convergence has given rise to smart devices and the Internet of Things (IoT), revolutionizing industrial processes. However, despite the push towards predictive maintenance, there still is a significant gap in fault prediction algorithms for electrical machines. This paper proposes a signal spectrum-based machine learning approach for fault prediction, specifically focusing on bearing faults. This study compares the effectiveness of traditional neural network algorithms with a novel approach integrating fuzzy logic. Through extensive experimentation and analysis of vibration spectra from various mechanical faults in bearings, it is demonstrated that the fuzzy-neuro network model outperforms traditional neural networks, achieving a validation accuracy of 99.40% compared to 94.34%. Incorporating fuzzy logic within the neural network framework offers advantages in handling complex fault combinations, showing promise for applications requiring higher accuracy in fault detection. While initial results are encouraging, further validation with more complex fault scenarios and additional fuzzy layers is recommended to fully explore the potential of fuzzy-neuro networks in fault prediction for electrical machines. © 2024 by the authors.","English","Article","Final","All Open Access; Gold Open Access","Scopus","2-s2.0-85197113386"
"Wei H.; Zhang Q.; Shang M.; Gu Y.","Wei, Hao (57218574677); Zhang, Qinghua (57221143247); Shang, Minghu (57226348720); Gu, Yu (55793449400)","57218574677; 57221143247; 57226348720; 55793449400","Extreme learning Machine-based classifier for fault diagnosis of rotating Machinery using a residual network and continuous wavelet transform","2021","Measurement: Journal of the International Measurement Confederation","183","","109864","","","107","10.1016/j.measurement.2021.109864","https://www.scopus.com/pages/publications/85111285302?origin=resultslist","Effective fault diagnosis of rotating machinery is essential for the predictive maintenance of modern industries. In this study, a novel framework that combines a residual network (ResNet) as a backbone and an extreme learning machine (ELM) as a classifier (RNELM) is proposed to diagnose faults of rotating machinery. Firstly, continuous wavelet transform (CWT) is used to convert the raw time-domain signal into time–frequency domain images. Subsequently, the ResNet backbone in the framework extracts advanced features from the images for the ELM classifier, substantially improving the fault diagnosis performance. The performance of the framework is compared with four other methods using four evaluation metrics on datasets from Case Western Reserve University (CWRU), laboratory results and industrial applications. The experimental results show that the RNELM achieves outstanding results on the test samples of the three datasets, demonstrating the excellent performance and practicability of the proposed framework for fault diagnosis. © 2021 Elsevier Ltd","English","Article","Final","","Scopus","2-s2.0-85111285302"
"Lu Y.; Yang S.","Lu, Yan (59261895900); Yang, ShiLi (59692924600)","59261895900; 59692924600","Construction and research of a data-driven model for early fault detection in rotating machinery","2026","Journal of Engineering and Applied Science","73","1","21","","","1","10.1186/s44147-025-00836-0","https://www.scopus.com/pages/publications/105027685948?origin=resultslist","The advent of the industry 4.0 era has precipitated unparalleled transformations within the manufacturing sector, with the condition monitoring of energy equipment in smart factories being of particular significance. Conventional monitoring systems, which utilise fixed threshold alarm methods categorised by equipment type, frequently result in false alarms or missed detections within intelligent manufacturing environments. The present study introduces a data-driven model for early fault detection in rotating machinery. The model utilises advanced signal processing and machine learning techniques to analyse extensive operational data, facilitating real-time monitoring of equipment operating states. The model’s foundation lies in the integration of time-domain and frequency-domain features, in conjunction with an enhanced Gini coefficient, Principal Component Analysis (PCA), T²statistical analysis, SPE statistical analysis, and time-delayed stochastic resonance feedback technology. This results in the construction of an early impact-type fault detection model for rotating machinery, based on vibration signal analysis. The model’s validation was conducted using accelerated life test data for rolling bearings from the Joint Laboratory for Mechanical Equipment Health Monitoring, Xi’an Jiaotong University. The outcomes demonstrate that, in comparison with conventional vibration intensity-based alarm methods, this early impact-type fault detection model can detect faults earlier and more accurately, effectively highlighting fault characteristics. © The Author(s) 2026.","English","Article","Final","All Open Access; Gold Open Access; Green Open Access","Scopus","2-s2.0-105027685948"
"Chauhan S.; Desai M.","Chauhan, Sudeep (60514659500); Desai, Meenal (60515005400)","60514659500; 60515005400","Machine Learning-Based Predictive Maintenance Scheduling in Industrial Settings","2022","International Academic Journal of Science and Engineering","9","4","","9","12","4","10.71086/IAJSE/V9I4/IAJSE0929","https://www.scopus.com/pages/publications/105033384312?origin=resultslist","This research examines the use of machine learning (ML) techniques on predictive maintenance scheduling within industrial settings. The current trend in modern industries is the use of complex and highly automated systems. Often, there is a need to maximize system uptime while minimizing maintenance costs. Inefficient, reactive, unplanned downtimes, and excessive servicing are symptoms of inadequate advanced predictive or classically defined maintenance strategies. ML predictive maintenance attempts to enhance scheduling by anticipating failures based on historical and real-time data received from sensors on the equipment. This work is based on a comprehensive model that incorporates supervised ML algorithms—namely, Condition Monitoring Systems (CMS) with Random Forest and Gradient Boosting—to predict machine failure. The work includes data preprocessing, feature selection, model training, validation, deployment of the model on a scheduler, and operational framework. Performance evaluation confirms the superiority of the ML approach compared to time-based or reactive maintenance strategies, enhancing reliability while reducing operational costs. A case study conducted in a manufacturing plant showed an improvement in fault detection accuracy and maintenance lead-time prediction. The results accentuate the impact ML poses over maintenance planning in industrial settings. Future work could look at integrating advance adaptive maintenance strategies through digital twins and reinforcement learning. © 2022, International Academic Institute for Science and Technology. All rights reserved.","English","Article","Final","","Scopus","2-s2.0-105033384312"
"Maciejewski N.A.R.; Freire R.Z.; Szejka A.L.; Bazzo T.D.P.M.; Lopes S.M.D.A.; Flauzino R.A.","Maciejewski, Narco Afonso Ravazzoli (57211293405); Freire, Roberto Zanetti (23477237100); Szejka, Anderson Luis (55504511100); Bazzo, Thiago de Paula Machado (57274754700); Lopes, Sofia Moreira de Andrade (59158509200); Flauzino, Rogério Andrade (6506909871)","57211293405; 23477237100; 55504511100; 57274754700; 59158509200; 6506909871","Cognitive-based framework for detecting and diagnosing broken bars in induction motors for industry maintenance","2026","Journal of Industrial Information Integration","50","","101022","","","3","10.1016/j.jii.2025.101022","https://www.scopus.com/pages/publications/105023477974?origin=resultslist","Three-phase induction motors are the primary actuators for converting electrical energy into mechanical energy in the productive sector, constituting key assets due to their widespread use and critical function. Reducing maintenance costs and implementing predictive techniques incentivize the development of systems to identify intrinsic defects. The increasing demand for customization in manufacturing affects maintenance due to fast production line adaptations. This leads to unforeseen failures that compromise reliability. There is a lack of research on detecting and diagnosing faults in induction motors under intermittent drives or varying operating conditions. To fill this gap, the present research proposes a methodology for recommending algorithms to diagnose and detect broken bar defects in three-phase induction motors during transient operation based on a cognitive system. The framework explains and detects fault causality. Using experimental data (current, voltage, vibration), three-phase induction motors were tested under normal conditions, applying various severities of broken bar faults with load torque variations. Features were extracted from each signal, and feature selection algorithms of different mathematical natures were applied. Machine learning models were built, validated, and tested with multicriteria measures. To assess robustness, white noise was inserted into the experimental signals. The Consistency-Based Filter algorithm emerged as the most suitable for feature selection combined with Random Forest and Multilayer Perceptron models. The best results were achieved with up to 80 % noise tolerance without compromising predictive capacity for diagnosing defect severity. Features following a Gaussian distribution showed better predictive capacity, resulting in a reliable framework for fault diagnosis in induction motors. © 2025 Elsevier Inc.","English","Article","Final","","Scopus","2-s2.0-105023477974"
"Calabrese F.; Regattieri A.; Bortolini M.; Galizia F.G.","Calabrese, Francesca (57200828927); Regattieri, Alberto (6507515806); Bortolini, Marco (54779261700); Galizia, Francesco Gabriele (57195803564)","57200828927; 6507515806; 54779261700; 57195803564","Data-Driven Fault Detection and Diagnosis: Challenges and Opportunities in Real-World Scenarios","2022","Applied Sciences (Switzerland)","12","18","9212","","","27","10.3390/app12189212","https://www.scopus.com/pages/publications/85138609423?origin=resultslist","The pervasive digital innovation of the last decades has led to a remarkable transformation of maintenance strategies. The data collected from machinery and the extraction of valuable information through machine learning (ML) have assumed a crucial role. As a result, data-driven predictive maintenance (PdM) has received significant attention from academics and industries. However, practical issues are limiting the implementation of PdM in manufacturing plants. These issues are related to the availability, quantity, and completeness of the collected data, which do not contain all machinery health conditions, are often unprovided with the contextual information needed by ML models, and are huge in terms of gigabytes per minute. As an extension of previous work by the authors, this paper aims to validate the methodology for streaming fault and novelty detection that reduces the quantity of data to transfer and store, allows the automatic collection of contextual information, and recognizes novel system behaviors. Five distinct datasets are collected from the field, and results show that streaming and incremental clustering-based approaches are effective tools for obtaining labeled datasets and real-time feedback on the machinery’s health condition. © 2022 by the authors.","English","Article","Final","All Open Access; Gold Open Access; Green Open Access","Scopus","2-s2.0-85138609423"
"Mellit A.; Zennaro M.","Mellit, Adel (16176161900); Zennaro, Marco (10138834300)","16176161900; 10138834300","Recent Advances in the Application of TinyML and Edge Devices in Photovoltaic Systems: Bridging the Gap Between Laboratory Research and Industry","2025","Proceedings of 2025 International Conference on Artificial Intelligence, Embedded Systems, and Renewable Energy, AIESRE 2025","","","","","","0","10.1109/AIESRE67541.2025.11470278","https://www.scopus.com/pages/publications/105038044391?origin=resultslist","With advancements in Artificial Intelligence (AI) techniques and embedded systems, various platforms have been developed to design and deploy Tiny Machine Learning (TinyML) on edge devices for real-time applications. TinyML enables ML models to run efficiently on resource-constrained devices, making it particularly useful in photovoltaic (PV) systems. This paper briefly overviews potential TinyML applications in PV systems, including solar energy forecasting, fault detection and diagnosis, predictive maintenance, and more. Recent applications are discussed regarding the edge devices used, platforms, accuracy and real-time deployment. Most research in this topic is still conducted at the laboratory scale; therefore, bridging the gap between laboratory research and industry is crucial for transitioning from theory to real-world applications. The paper also discusses the challenges and outlines future directions for implementing embedded ML on edge devices in real-world PV system applications. © 2025 IEEE.","English","Conference paper","Final","","Scopus","2-s2.0-105038044391"
"Akheel M.; Anjanikar A.; Navale S.; Sairam V.A.; Pareek P.; Wagle S.A.; Ansari M.A.","Akheel, Mohammed (59982539400); Anjanikar, Aditya (58891285000); Navale, Soham (58891507800); Sairam, V.A. (58137754000); Pareek, Preksha (57211181926); Wagle, Shivali Amit (58905761800); Ansari, Mohd. Aquib (57216892049)","59982539400; 58891285000; 58891507800; 58137754000; 57211181926; 58905761800; 57216892049","Proactive maintenance for water pumps: multitask neural network for fault detection and RUL estimation","2025","Life Cycle Reliability and Safety Engineering","15","1","","249","260","1","10.1007/s41872-025-00386-7","https://www.scopus.com/pages/publications/105024316858?origin=resultslist","Predictive maintenance plays a pivotal role in Industry 4.0, especially on complex machinery, optimizing cost in due process. A proactive approach of predictive maintenance employs data analytics and artificial intelligence to spot possible issues before they cause an asset to fail, lessening the likelihood of expensive repairs and unforeseen downtime. This paper performs predictive maintenance on water pumps by estimating the remaining useful life using machine and deep learning approaches. A multitasking artificial neural network has been developed to simultaneously identify fault mode and the remaining useful life. Due to high amounts of null values in the Dataset, the multitask model was trained in a semi-supervised setting. The trained multitask model produced 99.73% accuracy for the task of machine status identification and Mean Absolute Error (MAE) of 18.15 for the Remaining Useful Life (RUL) prediction task. The proposed multitask algorithm can be highly effective for predictive maintenance of water pumps in real time. © The Author(s), under exclusive licence to Society for Reliability and Safety (SRESA) 2025.","English","Article","Final","","Scopus","2-s2.0-105024316858"
"Jain P.; Mondal K.K.; Das D.; Khandelwal A.","Jain, Preeti (60177945100); Mondal, Koustav Kumar (57489770400); Das, Debasis (57210985387); Khandelwal, Arpit (58635360100)","60177945100; 57489770400; 57210985387; 58635360100","Intelligent predictive maintenance: multivariate ML model optimization in an Edge-Fog-Cloud environment","2025","Computing","107","12","225","","","0","10.1007/s00607-025-01585-x","https://www.scopus.com/pages/publications/105021243965?origin=resultslist","As a cornerstone of the global economy, the automotive industry requires intelligent and reliable maintenance approaches. Predictive maintenance provides a proactive mechanism for timely fault detection, minimized operational interruptions, and prolonged vehicle lifespan. Traditional cloud-based predictive maintenance solutions, however, face latency, bandwidth constraints, and limited scalability challenges in real-time applications. This paper proposes FogBayes, an intelligent predictive maintenance system built on a three-layer Edge–Fog–Cloud architecture to balance computation and minimize latency, employing optimized multivariate machine learning models at its core. The proposed system model achieves a prediction accuracy of 98.88% and an AUC (Area under curve) of 0.9830, outperforming several baseline approaches. To ensure transparency and reproducibility, the complete source code, datasets, and experimental configurations used in this study are publicly available at https://github.com/TakMashhido/FogBayes. © The Author(s), under exclusive licence to Springer-Verlag GmbH Austria, part of Springer Nature 2025.","English","Article","Final","","Scopus","2-s2.0-105021243965"
"Çinar Z.M.; Nuhu A.A.; Zeeshan Q.; Korhan O.; Asmael M.; Safaei B.","Çinar, Zeki Murat (57219404620); Nuhu, Abubakar Abdussalam (57219405984); Zeeshan, Qasim (35486146400); Korhan, Orhan (35795664600); Asmael, Mohammed (45560902700); Safaei, Babak (57148324900)","57219404620; 57219405984; 35486146400; 35795664600; 45560902700; 57148324900","Machine learning in predictive maintenance towards sustainable smart manufacturing in industry 4.0","2020","Sustainability (Switzerland)","12","19","8211","","","749","10.3390/su12198211","https://www.scopus.com/pages/publications/85092567961?origin=resultslist","Recently, with the emergence of Industry 4.0 (I4.0), smart systems, machine learning (ML) within artificial intelligence (AI), predictive maintenance (PdM) approaches have been extensively applied in industries for handling the health status of industrial equipment. Due to digital transformation towards I4.0, information techniques, computerized control, and communication networks, it is possible to collect massive amounts of operational and processes conditions data generated form several pieces of equipment and harvest data for making an automated fault detection and diagnosis with the aim to minimize downtime and increase utilization rate of the components and increase their remaining useful lives. PdM is inevitable for sustainable smart manufacturing in I4.0. Machine learning (ML) techniques have emerged as a promising tool in PdM applications for smart manufacturing in I4.0, thus it has increased attraction of authors during recent years. This paper aims to provide a comprehensive review of the recent advancements of ML techniques widely applied to PdM for smart manufacturing in I4.0 by classifying the research according to the ML algorithms, ML category, machinery, and equipment used, device used in data acquisition, classification of data, size and type, and highlight the key contributions of the researchers, and thus offers guidelines and foundation for further research. © 2020 by the authors.","English","Article","Final","All Open Access; Gold Open Access; Green Open Access","Scopus","2-s2.0-85092567961"
"Liu Y.; Zhu C.; Liu L.; Deng W.","Liu, Yishun (57202550865); Zhu, Changyong (60603574400); Liu, Lingsong (60604081600); Deng, Wenfeng (60603574500)","57202550865; 60603574400; 60604081600; 60603574500","An Implicit-Explicit Diffusion Model for Industrial Data Imputation","2026","Applied Sciences (Switzerland)","16","8","3826","","","0","10.3390/app16083826","https://www.scopus.com/pages/publications/105037054114?origin=resultslist","High-quality process data are essential for modern manufacturing processes to enable advanced control techniques, fault detection, and predictive maintenance. However, real-world industrial datasets often contain missing values due to sensor failures, power outages, and equipment maintenance. This paper proposes a novel implicit–explicit diffusion model that jointly utilizes both hidden and visible properties for industrial data imputation. The model employs a dual-branch architecture: one branch uses multi-scale dilated causal convolutions to capture hierarchical periodic patterns inherent in industrial time series, while the other branch leverages structured state space (S4) models to learn long-term dependencies. A gated fusion mechanism adaptively combines these complementary representations. Extensive experiments on Debutanizer and Sulfur Recovery Unit (SRU) datasets demonstrate that the proposed method achieves the best root mean squared error (RMSE) across all tested missing rates (20–80%) on both datasets, and exhibits particularly strong advantages in high-missingness scenarios (60–80%), where the proposed multi-scale and long-range modeling capabilities prove most beneficial. © 2026 by the authors.","English","Article","Final","All Open Access; Gold Open Access; Green Open Access","Scopus","2-s2.0-105037054114"
"Sun J.; Yu Z.; Wang H.","Sun, Jinmeng (57222471276); Yu, Zhongqing (56191915900); Wang, Haiya (57214725286)","57222471276; 56191915900; 57214725286","On-line fault diagnosis of rolling bearing based on machine learning algorithm","2020","Proceedings - 2020 5th International Conference on Information Science, Computer Technology and Transportation, ISCTT 2020","","","9363818","402","407","9","10.1109/ISCTT51595.2020.00075","https://www.scopus.com/pages/publications/85102779274?origin=resultslist","In order to realize the predictive maintenance of rolling bearings in industry, this paper proposes an online fault diagnosis method for rolling bearings based on three machine learning algorithms. The method mainly includes two steps: establishing a fault diagnosis model and online fault diagnosis. Firstly, preprocess the collected bearing vibration data, and then train and optimize the fault diagnosis model, and finally realize online fault diagnosis. The experimental results show that, compared with the traditional bearing fault diagnosis method, the online fault diagnosis of the bearing by the machine learning method is simpler and has a better diagnosis effect. © 2020 IEEE.","English","Conference paper","Final","","Scopus","2-s2.0-85102779274"
"Arez D.; Navas H.V.G.; Gaspar P.","Arez, Daniel (60653690200); Navas, Helena V. G. (6602444272); Gaspar, Pedro (57419570900)","60653690200; 6602444272; 57419570900","The Bridge Between Artificial Intelligence and Predictive Maintenance in Industry 4.0: A Systematic Review","2026","Applied Sciences (Switzerland)","16","10","4882","","","0","10.3390/app16104882","https://www.scopus.com/pages/publications/105040268047?origin=resultslist","This systematic literature review explores the intersection of Artificial Intelligence (AI) and Predictive Maintenance (PdM) within Industry 4.0. Using a PRISMA-based methodology, 123 studies published between 2014 and April 2024 were analyzed to characterize technological trends, algorithmic choices, industrial applications, and evaluation practices. The review reveals a consistent growth of research interest, driven by the widespread adoption of Internet of Things (IoT) devices and increased data availability. The manufacturing sector dominates the literature, although most studies rely on standardized datasets rather than real industrial environments. Among the identified AI methods, Random Forest (RF), Support Vector Machine (SVM), Decision Tree (DT) and K-Nearest Neighbors (KNNs) represent the most frequently applied algorithms for tasks such as failure prediction, fault detection, and remaining useful life (RUL) estimation. Model performance is commonly evaluated with Accuracy (Acc), Precision, Recall, F1-Score, and Root Mean Square Error (RMSE), reflecting the prevalence of both classification and regression-based PdM analyses. Despite significant advances, this review identifies persistent gaps, including limited domain diversity, scarce long-term real-world validation, and insufficient use of eXplainable AI (XAI) techniques. The findings highlight the need for broader domain coverage, improved interpretability, and validation under realistic industrial conditions. Overall, this review consolidates current knowledge on AI-enabled PdM and outlines critical directions to enhance reliability, transparency, and industrial relevance in the context of Industry 4.0. © 2026 by the authors.","English","Review","Final","All Open Access; Gold Open Access; Green Open Access","Scopus","2-s2.0-105040268047"
"Zhu C.; Shao S.","Zhu, Chenfeng (58637699700); Shao, Sihao (58637337900)","58637699700; 58637337900","Optoelectronic sensor fault detection based predictive maintenance smart industry 4.0 using machine learning techniques","2023","Optical and Quantum Electronics","55","13","1134","","","5","10.1007/s11082-023-05410-7","https://www.scopus.com/pages/publications/85173615477?origin=resultslist","Production equipment maintenance is essential for maintaining productivity and company continuity. For industrial equipment to operate well and for the efficient planning of demand for in-house maintenance resources, implementation time as well as proper selection of scope of maintenance activities must be determined. The use of artificial intelligence (AI) approaches to method as well as manage maintenance has been explored in a number of research during the past 10 years. This study's objective is to provide a unique method for optoelectronic sensor defect detection using predictive maintenance in an application for smart industry 4.0 based on machine learning (ML) methods. Here, data monitored by an optoelectronic sensor is gathered and processed for noise reduction and normalisation. Then, using a moath quantile convolutional neural network and spatial clustering-based extreme encoder learning, aberrant errors are discovered in the observed data features. In terms of prediction accuracy, precision, recall, F_1 score, and robustness, experimental study was done on a variety of predictive classes and their dataset. © 2023, The Author(s), under exclusive licence to Springer Science+Business Media, LLC, part of Springer Nature.","English","Retracted","Final","","Scopus","2-s2.0-85173615477"
"Tsai C.-D.; Chiu M.-C.","Tsai, Chien-De (57216036157); Chiu, Ming-Chuan (36159384200)","57216036157; 36159384200","Apply machine learning to improve fault detection and classification in cyber physical system","2019","Advances in Transdisciplinary Engineering","10","","","519","529","4","10.3233/ATDE190159","https://www.scopus.com/pages/publications/85082514941?origin=resultslist","Cyber Physical System (CPS) is one of the key technologies of industry 4.0. CPS is an integrated system that combines computing, sensors and actuators. CPS is controlled by computer-based algorithms that integrates people and internet. However, the performance of CPS is limited by its computational complexity. How to implement CPS with less computational complexity in a real time performance remains an important issue. Therefore, the study attempts to establish a CPS based on machine learning to reduce its complexity and improve applicability. This study applies a Fault Detection and Classification system (FDC) with machine learning method in the virtual subsystem of CPS. This study consists of two steps. Based on the data collected from sensors of CPS, Random Forest (RF) is used to figure out key factors that reduces the data dimension for less computational complexity. The process engineers will know which factors are causing the machine fails. The second step is to establish a time series model which bases on Long Short-Term Memory (LSTM) network to achieve real time monitoring of the machine. Before the machine fails, FDC will alarm that allow the engineer to adjust parameters of machines to avoid machine fails. The study in order to achieve the goals of predicting machines fails, figuring out key factors, predicting maintenance and increasing the productivity. © 2019 The authors and IOS Press.","English","Conference paper","Final","All Open Access; Hybrid Gold Open Access","Scopus","2-s2.0-85082514941"
"Canito A.; Fernandes M.; Mourinho J.; Tosun S.; Kaya K.; Turupcu A.; Lagares A.; Karabulut H.; Marreiros G.","Canito, Alda (55753261900); Fernandes, Marta (57194689121); Mourinho, Joao (50361845500); Tosun, Serkan (57347542400); Kaya, Kamer (57348633200); Turupcu, Aysegul (57194051603); Lagares, Angel (36550422500); Karabulut, Huseyin (57348633300); Marreiros, Goreti (9332465700)","55753261900; 57194689121; 50361845500; 57347542400; 57348633200; 57194051603; 36550422500; 57348633300; 9332465700","Flexible Architecture for Data-Driven Predictive Maintenance with Support for Offline and Online Machine Learning Techniques","2021","IECON Proceedings (Industrial Electronics Conference)","2021-October","","","","","4","10.1109/IECON48115.2021.9589230","https://www.scopus.com/pages/publications/85119471753?origin=resultslist","Predictive maintenance requires the constant monitorization of equipment and the accumulation of data captured from sensors, industrial equipment, and existing management software. This data must be cleaned and processed before being used to train machine learning models that will generate different outputs of interest, such as fault prediction, fault detection, estimation of an equipment's remaining useful life, among others. Considering these requirements and the different technologies needed to accommodate them, we present an architecture for predictive maintenance, based on existing standard architectures for Industry 4.0, that not only supports the implementation of all stages of predictive maintenance, but is flexible enough to be applied in distinct industrial scenarios. Moreover, the architecture is capable of accommodating both offline and online data pre-processing and machine learning techniques. © 2021 IEEE.","English","Conference paper","Final","","Scopus","2-s2.0-85119471753"
"Antony J.; Jalušić D.; Bergweiler S.; Hajnal Á.; Žlabravec V.; Emődi M.; Strbad D.; Legler T.; Marosi A.C.","Antony, Jibinraj (57653599000); Jalušić, Dorotea (59350133400); Bergweiler, Simon (12240919200); Hajnal, Ákos (8537076500); Žlabravec, Veronika (59460507000); Emődi, Márk (57203747115); Strbad, Dejan (59349791500); Legler, Tatjana (57218134730); Marosi, Attila Csaba (55664653500)","57653599000; 59350133400; 12240919200; 8537076500; 59460507000; 57203747115; 59349791500; 57218134730; 55664653500","Adapting to Changes: A Novel Framework for Continual Machine Learning in Industrial Applications","2024","Journal of Grid Computing","22","4","71","","","12","10.1007/s10723-024-09785-z","https://www.scopus.com/pages/publications/85211177092?origin=resultslist","This paper is dedicated to solving the problem of concept drift in industrial plants using artificial intelligence methods. For this purpose, methodological approaches and procedures are considered and analyzed. Based on the findings, reference architectures were developed at different abstraction levels that can be used in an industrial environment and enable continuous machine learning. Continuous machine learning offers the possibility of adapting to dynamic changes in the production environment, which are reflected in constantly changing data sets. Through a combination of machine learning techniques, a novel and practical framework for continuous learning, also known as lifelong learning, is presented. The integration of problem-focused machine learning methods is advancing in production, e.g., predictive maintenance, process optimization or fault detection. Thereby, fully or semi-automated adaptations to changing environments requiring continuous improvements are less often explored, although practical use cases often require adaptive capabilities as the physical data distribution may change over time. In this paper, the application was continuously improved based on case studies and empirical results, and finally validated with a quality assurance application. Various methods and approaches for detecting concept and data deviations, retraining, packaging and model updating had to be investigated, which led to the question of what a real industry-oriented implementation could look like. The result is a reference architecture that can run on cloud and edge computing resources. This reference architecture is validated in real-world application in the parquet production sector, proving its feasibility and efficiency. © The Author(s) 2024.","English","Article","Final","All Open Access; Green Open Access; Hybrid Gold Open Access","Scopus","2-s2.0-85211177092"
